/*
SQLyog Enterprise - MySQL GUI v8.14 
MySQL - 5.6.16 : Database - auth
*********************************************************************
*/

/*!40101 SET NAMES utf8 */;

/*!40101 SET SQL_MODE=''*/;

/*!40014 SET @OLD_UNIQUE_CHECKS=@@UNIQUE_CHECKS, UNIQUE_CHECKS=0 */;
/*!40014 SET @OLD_FOREIGN_KEY_CHECKS=@@FOREIGN_KEY_CHECKS, FOREIGN_KEY_CHECKS=0 */;
/*!40101 SET @OLD_SQL_MODE=@@SQL_MODE, SQL_MODE='NO_AUTO_VALUE_ON_ZERO' */;
/*!40111 SET @OLD_SQL_NOTES=@@SQL_NOTES, SQL_NOTES=0 */;
CREATE DATABASE /*!32312 IF NOT EXISTS*/`auth` /*!40100 DEFAULT CHARACTER SET utf8mb4 */;

USE `auth`;

/*Table structure for table `admin_menu` */

DROP TABLE IF EXISTS `admin_menu`;

CREATE TABLE `admin_menu` (
  `id` bigint(20) NOT NULL AUTO_INCREMENT,
  `name` varchar(50) DEFAULT NULL,
  `url` varchar(50) DEFAULT NULL,
  `icon` varchar(50) DEFAULT NULL,
  `folder` bit(1) DEFAULT NULL,
  `level` int(11) DEFAULT NULL,
  `permit` varchar(500) DEFAULT NULL,
  `pid` bigint(20) DEFAULT NULL,
  `tag` varchar(50) DEFAULT NULL,
  `sort` int(11) DEFAULT NULL,
  `memo` varchar(255) DEFAULT NULL,
  `buttons` varchar(255) DEFAULT NULL,
  `version` int(11) DEFAULT '0',
  `created_time` timestamp NULL DEFAULT CURRENT_TIMESTAMP,
  `updated_time` timestamp NULL DEFAULT CURRENT_TIMESTAMP ON UPDATE CURRENT_TIMESTAMP,
  PRIMARY KEY (`id`) USING BTREE
) ENGINE=InnoDB AUTO_INCREMENT=119 DEFAULT CHARSET=utf8;

/*Data for the table `admin_menu` */

insert  into `admin_menu`(`id`,`name`,`url`,`icon`,`folder`,`level`,`permit`,`pid`,`tag`,`sort`,`memo`,`buttons`,`version`,`created_time`,`updated_time`) values (110,'系统管理','','fa-cog','',2,'',0,NULL,1,'',NULL,0,'2017-11-10 10:20:50','2018-06-27 17:54:01'),(114,'用户管理','/user/list','fa-angle-right','\0',3,'/user/*',110,NULL,0,'',NULL,0,'2017-11-10 10:45:04','2018-07-26 18:32:55'),(115,'角色管理','/role/list','fa-angle-right','\0',3,'/role/*',110,NULL,1,'',NULL,0,'2017-11-10 10:45:32',NULL),(116,'菜单管理','/menu/list','fa-angle-right','\0',3,'/menu/*',110,NULL,2,'',NULL,0,'2017-11-10 10:46:26',NULL),(117,'修改密码','/password','iconfont icon-kl-xiugaimima','\0',3,'/password\r\n/modifyPassword',110,NULL,4,'',NULL,0,'2017-11-10 10:46:58','2017-11-30 14:48:03'),(118,'业务代码','/typeCode/list','fa-angle-right','\0',3,'/typeCode/*',110,NULL,3,'',NULL,0,'2017-11-10 10:47:39','2017-11-28 17:59:43');

/*Table structure for table `admin_oper_log` */

DROP TABLE IF EXISTS `admin_oper_log`;

CREATE TABLE `admin_oper_log` (
  `id` bigint(20) NOT NULL AUTO_INCREMENT,
  `created_time` timestamp NULL DEFAULT CURRENT_TIMESTAMP,
  `updated_time` timestamp NULL DEFAULT CURRENT_TIMESTAMP ON UPDATE CURRENT_TIMESTAMP,
  `username` varchar(50) DEFAULT NULL,
  `mobile` varchar(20) DEFAULT NULL,
  `company_name` varchar(100) DEFAULT NULL,
  `content` varchar(255) DEFAULT NULL,
  `oper_data` varchar(255) DEFAULT NULL,
  `ip` varchar(100) DEFAULT NULL,
  `oper_time` datetime DEFAULT NULL,
  PRIMARY KEY (`id`)
) ENGINE=InnoDB AUTO_INCREMENT=339 DEFAULT CHARSET=utf8;

/*Data for the table `admin_oper_log` */

insert  into `admin_oper_log`(`id`,`created_time`,`updated_time`,`username`,`mobile`,`company_name`,`content`,`oper_data`,`ip`,`oper_time`) values (1,NULL,NULL,'admin','15840979411','系统','登录系统','','0:0:0:0:0:0:0:1','2018-06-28 10:45:22'),(2,NULL,NULL,'admin','15840979411','系统','登录系统','','0:0:0:0:0:0:0:1','2018-06-28 10:56:45'),(3,NULL,NULL,'admin','15840979411','系统','登录系统','','0:0:0:0:0:0:0:1','2018-06-28 10:59:05'),(4,'2018-06-28 11:09:21','2018-06-28 11:09:21','admin','15840979411','系统','登录系统','','0:0:0:0:0:0:0:1','2018-06-28 11:09:21'),(5,'2018-06-28 11:38:35','2018-06-28 11:38:35','admin','15840979411','系统','登录系统','','0:0:0:0:0:0:0:1','2018-06-28 11:38:36'),(6,'2018-06-28 12:33:51','2018-06-28 12:33:51','admin','15840979411','系统','登录系统','','0:0:0:0:0:0:0:1','2018-06-28 12:33:52'),(7,'2018-06-28 12:40:55','2018-06-28 12:40:55','admin','15840979411','系统','登录系统','','0:0:0:0:0:0:0:1','2018-06-28 12:40:55'),(8,'2018-06-28 12:41:45','2018-06-28 12:41:45','admin','15840979411','系统','分配菜单','roleId=1,ids=0,24,257,275,276,31,277,278,279,280,281,282,238,286,285,283,284,287,288,289,110,114,115,116,118,117','0:0:0:0:0:0:0:1','2018-06-28 12:41:46'),(9,'2018-06-28 12:41:54','2018-06-28 12:41:54','admin','15840979411','系统','登录系统','','0:0:0:0:0:0:0:1','2018-06-28 12:41:55'),(10,'2018-06-28 13:37:59','2018-06-28 13:37:59','admin','15840979411','系统','登录系统','','0:0:0:0:0:0:0:1','2018-06-28 13:37:59'),(11,'2018-06-28 13:42:20','2018-06-28 13:42:20','admin','15840979411','系统','登录系统','','0:0:0:0:0:0:0:1','2018-06-28 13:42:20'),(12,'2018-06-28 14:07:01','2018-06-28 14:07:01','admin','15840979411','系统','登录系统','','0:0:0:0:0:0:0:1','2018-06-28 14:07:02'),(13,'2018-06-28 14:11:23','2018-06-28 14:11:23','admin','15840979411','系统','登录系统','','0:0:0:0:0:0:0:1','2018-06-28 14:11:24'),(14,'2018-06-28 14:22:53','2018-06-28 14:22:53','admin','15840979411','系统','登录系统','','0:0:0:0:0:0:0:1','2018-06-28 14:22:53'),(15,'2018-06-28 14:23:43','2018-06-28 14:23:43','songmc','18600013341','系统','登录系统','','0:0:0:0:0:0:0:1','2018-06-28 14:23:44'),(16,'2018-06-28 14:23:55','2018-06-28 14:23:55','admin','15840979411','系统','登录系统','','0:0:0:0:0:0:0:1','2018-06-28 14:23:55'),(17,NULL,NULL,'admin','15840979411','系统','登录系统','','127.0.0.1','2018-06-28 14:23:38'),(18,'2018-06-28 14:31:49','2018-06-28 14:31:49','songmc','18600013341','系统','登录系统','','0:0:0:0:0:0:0:1','2018-06-28 14:31:50'),(19,'2018-06-28 14:31:57','2018-06-28 14:31:57','admin','15840979411','系统','登录系统','','0:0:0:0:0:0:0:1','2018-06-28 14:31:58'),(20,'2018-06-28 14:32:29','2018-06-28 14:32:29','admin','15840979411','系统','登录系统','','0:0:0:0:0:0:0:1','2018-06-28 14:32:30'),(21,'2018-06-28 14:33:49','2018-06-28 14:33:49','admin','15840979411','系统','更新角色','Role={\"code\":\"ROLE_OPERATOR\",\"memo\":\"\",\"name\":\"运营管理员\"}','0:0:0:0:0:0:0:1','2018-06-28 14:33:49'),(22,'2018-06-28 14:34:42','2018-06-28 14:34:42','admin','15840979411','系统','分配菜单','roleId=24,ids=24,257,275,276,31,277,278,279,280,281,282,238,286,285,283,284,287,288,289,117,110','0:0:0:0:0:0:0:1','2018-06-28 14:34:43'),(23,'2018-06-28 14:35:13','2018-06-28 14:35:13','songmc','18600013341','系统','登录系统','','0:0:0:0:0:0:0:1','2018-06-28 14:35:14'),(24,'2018-06-28 14:35:59','2018-06-28 14:35:59','admin','15840979411','系统','登录系统','','0:0:0:0:0:0:0:1','2018-06-28 14:36:00'),(25,'2018-06-28 14:36:09','2018-06-28 14:36:09','admin','15840979411','系统','更新业务代码','TypeCode={\"content\":\"M,男\\r\\nW,女\\r\\nO,保密\",\"id\":3,\"tcode\":\"sex\",\"tname\":\"性别\"}','0:0:0:0:0:0:0:1','2018-06-28 14:36:10'),(26,'2018-06-28 14:43:21','2018-06-28 14:43:21','admin','15840979411','系统','登录系统','','0:0:0:0:0:0:0:1','2018-06-28 14:43:21'),(27,'2018-06-28 14:43:29','2018-06-28 14:43:29','admin','15840979411','系统','删除用户','id=67','0:0:0:0:0:0:0:1','2018-06-28 14:43:29'),(28,'2018-06-28 14:44:45','2018-06-28 14:44:45','admin','15840979411','系统','重置密码','id=67','0:0:0:0:0:0:0:1','2018-06-28 14:44:45'),(29,'2018-06-28 14:53:52','2018-06-28 14:53:52','admin','15840979411','系统','登录系统','','0:0:0:0:0:0:0:1','2018-06-28 14:53:52'),(30,'2018-06-28 15:06:03','2018-06-28 15:06:03','admin','15840979411','系统','更新菜单','Menu={\"folder\":false,\"icon\":\"\",\"level\":2,\"memo\":\"\",\"name\":\"会员管理\",\"permit\":\"/member/*\",\"pid\":286,\"sort\":1,\"url\":\"/member/list\"}','0:0:0:0:0:0:0:1','2018-06-28 15:06:03'),(31,NULL,NULL,'admin','15840979411','系统','登录系统','','127.0.0.1','2018-06-28 15:36:06'),(32,'2018-06-28 17:09:21','2018-06-28 17:09:21','admin','15840979411','系统','登录系统','','0:0:0:0:0:0:0:1','2018-06-28 17:09:22'),(33,'2018-06-28 17:09:44','2018-06-28 17:09:44','admin','15840979411','系统','登录系统','','0:0:0:0:0:0:0:1','2018-06-28 17:09:45'),(34,'2018-06-28 17:16:43','2018-06-28 17:16:43','admin','15840979411','系统','登录系统','','0:0:0:0:0:0:0:1','2018-06-28 17:16:44'),(35,'2018-06-28 17:39:51','2018-06-28 17:39:51','admin','15840979411','系统','登录系统','','127.0.0.1','2018-06-28 17:39:09'),(36,'2018-06-28 17:47:32','2018-06-28 17:47:32','admin','15840979411','系统','登录系统','','127.0.0.1','2018-06-28 17:46:49'),(37,'2018-06-28 17:52:36','2018-06-28 17:52:36','admin','15840979411','系统','登录系统','','127.0.0.1','2018-06-28 17:51:54'),(38,'2018-06-28 17:59:08','2018-06-28 17:59:08','admin','15840979411','系统','登录系统','','127.0.0.1','2018-06-28 17:58:26'),(39,'2018-06-28 18:04:15','2018-06-28 18:04:15','admin','15840979411','系统','登录系统','','127.0.0.1','2018-06-28 18:03:33'),(40,'2018-06-28 18:15:13','2018-06-28 18:15:13','admin','15840979411','系统','登录系统','','127.0.0.1','2018-06-28 18:14:31'),(41,'2018-06-28 18:23:04','2018-06-28 18:23:04','admin','15840979411','系统','登录系统','','127.0.0.1','2018-06-28 18:22:22'),(42,'2018-06-28 22:43:55','2018-06-28 22:43:55','admin','15840979411','系统','登录系统','','0:0:0:0:0:0:0:1','2018-06-28 22:43:55'),(43,'2018-06-28 22:44:42','2018-06-28 22:44:42','admin','15840979411','系统','分配菜单','roleId=1,ids=0,24,257,275,276,31,277,278,279,280,281,282,238,286,290,285,283,284,287,288,289,110,114,115,116,118,117','0:0:0:0:0:0:0:1','2018-06-28 22:44:42'),(44,'2018-06-28 22:44:54','2018-06-28 22:44:54','admin','15840979411','系统','登录系统','','0:0:0:0:0:0:0:1','2018-06-28 22:44:54'),(45,'2018-06-28 23:01:47','2018-06-28 23:01:47','admin','15840979411','系统','登录系统','','0:0:0:0:0:0:0:1','2018-06-28 23:01:47'),(46,'2018-06-28 23:06:23','2018-06-28 23:06:23','admin','15840979411','系统','登录系统','','0:0:0:0:0:0:0:1','2018-06-28 23:06:23'),(47,'2018-06-28 23:12:32','2018-06-28 23:12:32','admin','15840979411','系统','登录系统','','0:0:0:0:0:0:0:1','2018-06-28 23:12:32'),(48,'2018-06-28 23:15:31','2018-06-28 23:15:31','admin','15840979411','系统','登录系统','','0:0:0:0:0:0:0:1','2018-06-28 23:15:32'),(49,'2018-06-28 23:17:24','2018-06-28 23:17:24','admin','15840979411','系统','登录系统','','0:0:0:0:0:0:0:1','2018-06-28 23:17:24'),(50,'2018-06-29 10:36:12','2018-06-29 10:36:12','admin','15840979411','系统','登录系统','','127.0.0.1','2018-06-29 10:35:27'),(51,'2018-06-29 10:41:08','2018-06-29 10:41:08','admin','15840979411','系统','登录系统','','127.0.0.1','2018-06-29 10:40:23'),(52,'2018-06-29 10:56:58','2018-06-29 10:56:58','admin','15840979411','系统','登录系统','','127.0.0.1','2018-06-29 10:56:13'),(53,'2018-06-29 11:10:44','2018-06-29 11:10:44','admin','15840979411','系统','登录系统','','127.0.0.1','2018-06-29 11:09:59'),(54,'2018-06-29 11:13:41','2018-06-29 11:13:41','admin','15840979411','系统','登录系统','','127.0.0.1','2018-06-29 11:12:56'),(55,'2018-06-29 11:20:43','2018-06-29 11:20:43','admin','15840979411','系统','登录系统','','127.0.0.1','2018-06-29 11:19:58'),(56,'2018-06-29 11:28:10','2018-06-29 11:28:10','admin','15840979411','系统','登录系统','','127.0.0.1','2018-06-29 11:27:25'),(57,'2018-06-29 11:43:55','2018-06-29 11:43:55','admin','15840979411','系统','登录系统','','127.0.0.1','2018-06-29 11:43:09'),(58,'2018-06-29 11:46:32','2018-06-29 11:46:32','admin','15840979411','系统','登录系统','','127.0.0.1','2018-06-29 11:45:47'),(59,'2018-06-29 11:55:40','2018-06-29 11:55:40','admin','15840979411','系统','登录系统','','127.0.0.1','2018-06-29 11:54:54'),(60,'2018-06-29 11:59:40','2018-06-29 11:59:40','admin','15840979411','系统','登录系统','','127.0.0.1','2018-06-29 11:58:55'),(61,'2018-06-29 12:28:37','2018-06-29 12:28:37','admin','15840979411','系统','登录系统','','127.0.0.1','2018-06-29 12:27:52'),(62,'2018-06-29 12:53:38','2018-06-29 12:53:38','admin','15840979411','系统','登录系统','','0:0:0:0:0:0:0:1','2018-06-29 12:53:38'),(63,'2018-06-29 13:41:52','2018-06-29 13:41:52','admin','15840979411','系统','登录系统','','127.0.0.1','2018-06-29 13:41:07'),(64,'2018-06-29 14:03:15','2018-06-29 14:03:15','admin','15840979411','系统','登录系统','','127.0.0.1','2018-06-29 14:02:29'),(65,'2018-06-29 14:06:25','2018-06-29 14:06:25','admin','15840979411','系统','登录系统','','0:0:0:0:0:0:0:1','2018-06-29 14:06:25'),(66,'2018-06-29 14:07:19','2018-06-29 14:07:19','admin','15840979411','系统','登录系统','','127.0.0.1','2018-06-29 14:06:34'),(67,'2018-06-29 14:24:38','2018-06-29 14:24:38','admin','15840979411','系统','登录系统','','0:0:0:0:0:0:0:1','2018-06-29 14:24:38'),(68,'2018-06-29 15:55:42','2018-06-29 15:55:42','admin','15840979411','系统','登录系统','','127.0.0.1','2018-06-29 15:54:57'),(69,'2018-06-29 16:09:15','2018-06-29 16:09:15','admin','15840979411','系统','登录系统','','127.0.0.1','2018-06-29 16:08:29'),(70,'2018-06-29 16:17:10','2018-06-29 16:17:10','admin','15840979411','系统','登录系统','','127.0.0.1','2018-06-29 16:16:24'),(71,'2018-06-29 16:55:27','2018-06-29 16:55:27','admin','15840979411','系统','登录系统','','0:0:0:0:0:0:0:1','2018-06-29 16:55:27'),(72,'2018-06-29 16:59:54','2018-06-29 16:59:54','admin','15840979411','系统','登录系统','','127.0.0.1','2018-06-29 16:59:09'),(73,'2018-06-29 17:00:20','2018-06-29 17:00:20','admin','15840979411','系统','更新菜单','Menu={\"folder\":false,\"icon\":\"\",\"id\":289,\"level\":2,\"memo\":\"\",\"name\":\"工单管理\",\"permit\":\"/workOrder/*\",\"pid\":284,\"sort\":2890,\"url\":\"/question/list\"}','127.0.0.1','2018-06-29 16:59:34'),(74,'2018-06-29 17:00:47','2018-06-29 17:00:47','admin','15840979411','系统','登录系统','','127.0.0.1','2018-06-29 17:00:02'),(75,'2018-06-29 17:01:03','2018-06-29 17:01:03','admin','15840979411','系统','更新菜单','Menu={\"folder\":false,\"icon\":\"\",\"id\":289,\"level\":2,\"memo\":\"\",\"name\":\"工单管理\",\"permit\":\"/question/*\",\"pid\":284,\"sort\":2890,\"url\":\"/question/list\"}','127.0.0.1','2018-06-29 17:00:17'),(76,'2018-06-29 17:01:09','2018-06-29 17:01:09','admin','15840979411','系统','登录系统','','127.0.0.1','2018-06-29 17:00:24'),(77,'2018-06-29 17:02:09','2018-06-29 17:02:09','admin','15840979411','系统','登录系统','','0:0:0:0:0:0:0:1','2018-06-29 17:02:09'),(78,'2018-06-29 17:08:05','2018-06-29 17:08:05','admin','15840979411','系统','登录系统','','127.0.0.1','2018-06-29 17:07:19'),(79,'2018-06-29 19:07:45','2018-06-29 19:07:45','admin','15840979411','系统','登录系统','','127.0.0.1','2018-06-29 19:07:00'),(80,'2018-06-29 19:15:27','2018-06-29 19:15:27','admin','15840979411','系统','登录系统','','127.0.0.1','2018-06-29 19:14:42'),(81,'2018-07-02 10:01:58','2018-07-02 10:01:58','admin','15840979411','系统','登录系统','','127.0.0.1','2018-07-02 10:01:06'),(82,'2018-07-02 10:05:35','2018-07-02 10:05:35','admin','15840979411','系统','登录系统','','127.0.0.1','2018-07-02 10:04:44'),(83,'2018-07-02 10:22:16','2018-07-02 10:22:16','admin','15840979411','系统','登录系统','','127.0.0.1','2018-07-02 10:21:24'),(84,'2018-07-02 10:29:15','2018-07-02 10:29:15','admin','15840979411','系统','登录系统','','127.0.0.1','2018-07-02 10:28:23'),(85,'2018-07-02 10:38:10','2018-07-02 10:38:10','admin','15840979411','系统','登录系统','','127.0.0.1','2018-07-02 10:37:19'),(86,'2018-07-02 10:43:17','2018-07-02 10:43:17','admin','15840979411','系统','登录系统','','127.0.0.1','2018-07-02 10:42:26'),(87,'2018-07-02 10:47:09','2018-07-02 10:47:09','admin','15840979411','系统','登录系统','','127.0.0.1','2018-07-02 10:46:17'),(88,'2018-07-02 10:52:35','2018-07-02 10:52:35','admin','15840979411','系统','登录系统','','127.0.0.1','2018-07-02 10:51:44'),(89,'2018-07-02 10:54:21','2018-07-02 10:54:21','admin','15840979411','系统','登录系统','','127.0.0.1','2018-07-02 10:53:30'),(90,'2018-07-02 11:00:58','2018-07-02 11:00:58','admin','15840979411','系统','登录系统','','127.0.0.1','2018-07-02 11:00:06'),(91,'2018-07-02 11:02:26','2018-07-02 11:02:26','admin','15840979411','系统','登录系统','','0:0:0:0:0:0:0:1','2018-07-02 11:02:27'),(92,'2018-07-02 11:04:55','2018-07-02 11:04:55','admin','15840979411','系统','登录系统','','0:0:0:0:0:0:0:1','2018-07-02 11:04:56'),(93,'2018-07-02 11:34:13','2018-07-02 11:34:13','admin','15840979411','系统','登录系统','','127.0.0.1','2018-07-02 11:33:22'),(94,'2018-07-02 11:44:02','2018-07-02 11:44:02','admin','15840979411','系统','登录系统','','0:0:0:0:0:0:0:1','2018-07-02 11:44:02'),(95,'2018-07-02 12:08:07','2018-07-02 12:08:07','admin','15840979411','系统','登录系统','','127.0.0.1','2018-07-02 12:07:15'),(96,'2018-07-02 15:13:19','2018-07-02 15:13:19','admin','15840979411','系统','登录系统','','127.0.0.1','2018-07-02 15:12:27'),(97,'2018-07-02 16:00:45','2018-07-02 16:00:45','admin','15840979411','系统','登录系统','','127.0.0.1','2018-07-02 15:59:53'),(98,'2018-07-02 16:05:20','2018-07-02 16:05:20','admin','15840979411','系统','登录系统','','127.0.0.1','2018-07-02 16:04:28'),(99,'2018-07-02 16:29:42','2018-07-02 16:29:42','admin','15840979411','系统','登录系统','','127.0.0.1','2018-07-02 16:28:50'),(100,'2018-07-02 16:38:21','2018-07-02 16:38:21','admin','15840979411','系统','登录系统','','127.0.0.1','2018-07-02 16:37:29'),(101,'2018-07-02 16:54:55','2018-07-02 16:54:55','admin','15840979411','系统','登录系统','','127.0.0.1','2018-07-02 16:54:03'),(102,'2018-07-02 17:10:20','2018-07-02 17:10:20','admin','15840979411','系统','登录系统','','127.0.0.1','2018-07-02 17:09:28'),(103,'2018-07-02 17:13:39','2018-07-02 17:13:39','admin','15840979411','系统','登录系统','','127.0.0.1','2018-07-02 17:12:47'),(104,'2018-07-02 17:32:49','2018-07-02 17:32:49','admin','15840979411','系统','登录系统','','127.0.0.1','2018-07-02 17:31:57'),(105,'2018-07-02 18:13:51','2018-07-02 18:13:51','admin','15840979411','系统','登录系统','','127.0.0.1','2018-07-02 18:12:59'),(106,'2018-07-02 18:24:03','2018-07-02 18:24:03','admin','15840979411','系统','登录系统','','127.0.0.1','2018-07-02 18:23:11'),(107,'2018-07-02 18:33:17','2018-07-02 18:33:17','admin','15840979411','系统','登录系统','','127.0.0.1','2018-07-02 18:32:26'),(108,'2018-07-02 18:40:43','2018-07-02 18:40:43','admin','15840979411','系统','登录系统','','127.0.0.1','2018-07-02 18:39:51'),(109,'2018-07-02 18:45:03','2018-07-02 18:45:03','admin','15840979411','系统','登录系统','','127.0.0.1','2018-07-02 18:44:11'),(110,'2018-07-02 18:57:14','2018-07-02 18:57:14','admin','15840979411','系统','登录系统','','127.0.0.1','2018-07-02 18:56:22'),(111,'2018-07-04 11:08:21','2018-07-04 11:08:21','admin','15840979411','系统','登录系统','','127.0.0.1','2018-07-04 11:07:24'),(112,'2018-07-04 11:09:17','2018-07-04 11:09:17','admin','15840979411','系统','更新菜单','Menu={\"folder\":false,\"icon\":\"\",\"level\":2,\"memo\":\"\",\"name\":\"注册统计\",\"permit\":\"/stats/statsUserDay*\",\"pid\":283,\"url\":\"/stats/statsUserDayList\"}','127.0.0.1','2018-07-04 11:08:19'),(113,'2018-07-04 11:09:56','2018-07-04 11:09:56','admin','15840979411','系统','更新菜单','Menu={\"folder\":false,\"icon\":\"\",\"level\":2,\"memo\":\"\",\"name\":\"登陆统计\",\"permit\":\"/stats/statsLoginDay*\",\"pid\":283,\"url\":\"/stats/statsLoginDayList\"}','127.0.0.1','2018-07-04 11:08:59'),(114,'2018-07-04 11:11:03','2018-07-04 11:11:03','admin','15840979411','系统','更新菜单','Menu={\"folder\":false,\"icon\":\"\",\"level\":2,\"memo\":\"\",\"name\":\"充值统计\",\"permit\":\"/stats/statsDepositDay*\",\"pid\":283,\"url\":\"/stats/statsDepositDayList\"}','127.0.0.1','2018-07-04 11:10:06'),(115,'2018-07-04 11:11:52','2018-07-04 11:11:52','admin','15840979411','系统','更新菜单','Menu={\"folder\":false,\"icon\":\"\",\"level\":2,\"memo\":\"\",\"name\":\"提现统计\",\"permit\":\"/stats/statsWithdrawDay*\",\"pid\":283,\"url\":\"/stats/statsWithdrawDayList\"}','127.0.0.1','2018-07-04 11:10:54'),(116,'2018-07-04 11:12:41','2018-07-04 11:12:41','admin','15840979411','系统','更新菜单','Menu={\"folder\":false,\"icon\":\"\",\"level\":2,\"memo\":\"\",\"name\":\"返利统计\",\"permit\":\"/stats/statRebateDay*\",\"pid\":283,\"url\":\"/stats/statRebateDayList\"}','127.0.0.1','2018-07-04 11:11:44'),(117,'2018-07-04 11:13:19','2018-07-04 11:13:19','admin','15840979411','系统','更新菜单','Menu={\"folder\":false,\"icon\":\"\",\"level\":2,\"memo\":\"\",\"name\":\"会费统计\",\"permit\":\"/stats/statDuesDay*\",\"pid\":283,\"url\":\"/stats/statDuesDayList\"}','127.0.0.1','2018-07-04 11:12:22'),(118,'2018-07-04 11:14:14','2018-07-04 11:14:14','admin','15840979411','系统','更新菜单','Menu={\"folder\":false,\"icon\":\"\",\"level\":2,\"memo\":\"\",\"name\":\"财务统计\",\"permit\":\"/stats/statsFinDay*\",\"pid\":283,\"url\":\"/stats/statsFinDayList\"}','127.0.0.1','2018-07-04 11:13:17'),(119,'2018-07-04 11:14:51','2018-07-04 11:14:51','admin','15840979411','系统','更新菜单','Menu={\"folder\":false,\"icon\":\"\",\"level\":2,\"memo\":\"\",\"name\":\"交易统计\",\"permit\":\"/stats/statsTradeDay*\",\"pid\":283,\"url\":\"/stats/statsTradeDayList\"}','127.0.0.1','2018-07-04 11:13:54'),(120,'2018-07-04 11:15:55','2018-07-04 11:15:55','admin','15840979411','系统','更新菜单','Menu={\"folder\":false,\"icon\":\"\",\"level\":2,\"memo\":\"\",\"name\":\"返利审批\",\"permit\":\"/rebate/*\",\"pid\":283,\"url\":\"/rebate/list\"}','127.0.0.1','2018-07-04 11:14:58'),(121,'2018-07-04 11:20:20','2018-07-04 11:20:20','admin','15840979411','系统','登录系统','','127.0.0.1','2018-07-04 11:19:23'),(122,'2018-07-04 11:21:26','2018-07-04 11:21:26','admin','15840979411','系统','分配菜单','roleId=1,ids=0,24,257,275,276,31,277,278,279,280,281,282,238,286,290,285,283,291,292,293,294,295,296,297,298,299,284,287,288,289,110,114,115,116,118,117','127.0.0.1','2018-07-04 11:20:28'),(123,'2018-07-04 11:21:35','2018-07-04 11:21:35','admin','15840979411','系统','登录系统','','127.0.0.1','2018-07-04 11:20:38'),(124,'2018-07-04 11:27:59','2018-07-04 11:27:59','admin','15840979411','系统','登录系统','','127.0.0.1','2018-07-04 11:27:02'),(125,'2018-07-04 11:48:51','2018-07-04 11:48:51','admin','15840979411','系统','登录系统','','127.0.0.1','2018-07-04 11:47:53'),(126,'2018-07-04 16:45:32','2018-07-04 16:45:32','admin','15840979411','系统','登录系统','','127.0.0.1','2018-07-04 16:44:35'),(127,'2018-07-04 16:49:50','2018-07-04 16:49:50','admin','15840979411','系统','登录系统','','127.0.0.1','2018-07-04 16:48:53'),(128,'2018-07-05 11:11:41','2018-07-05 11:11:41','admin','15840979411','系统','登录系统','','127.0.0.1','2018-07-05 11:10:41'),(129,'2018-07-05 11:43:04','2018-07-05 11:43:04','admin','15840979411','系统','登录系统','','127.0.0.1','2018-07-05 11:42:04'),(130,'2018-07-05 11:47:35','2018-07-05 11:47:35','admin','15840979411','系统','登录系统','','127.0.0.1','2018-07-05 11:46:35'),(131,'2018-07-05 11:51:18','2018-07-05 11:51:18','admin','15840979411','系统','登录系统','','127.0.0.1','2018-07-05 11:50:18'),(132,'2018-07-05 11:55:32','2018-07-05 11:55:32','admin','15840979411','系统','登录系统','','127.0.0.1','2018-07-05 11:54:32'),(133,'2018-07-05 12:01:36','2018-07-05 12:01:36','admin','15840979411','系统','登录系统','','127.0.0.1','2018-07-05 12:00:37'),(134,'2018-07-05 12:13:01','2018-07-05 12:13:01','admin','15840979411','系统','登录系统','','127.0.0.1','2018-07-05 12:12:02'),(135,'2018-07-05 13:24:44','2018-07-05 13:24:44','admin','15840979411','系统','登录系统','','127.0.0.1','2018-07-05 13:23:44'),(136,'2018-07-05 17:20:03','2018-07-05 17:20:03','admin','15840979411','系统','登录系统','','127.0.0.1','2018-07-05 17:19:03'),(137,'2018-07-05 17:45:40','2018-07-05 17:45:40','admin','15840979411','系统','登录系统','','127.0.0.1','2018-07-05 17:44:40'),(138,'2018-07-05 17:46:43','2018-07-05 17:46:43','admin','15840979411','系统','更新菜单','Menu={\"folder\":false,\"icon\":\"\",\"id\":298,\"level\":2,\"memo\":\"\",\"name\":\"交易统计\",\"permit\":\"/stats/statsTradeDay*\\r\\n/stats/volumeRanking*\\r\\n/stats/positionRanking*\",\"pid\":283,\"sort\":1200,\"url\":\"/stats/statsTradeDayList\"}','127.0.0.1','2018-07-05 17:45:43'),(139,'2018-07-05 17:46:53','2018-07-05 17:46:53','admin','15840979411','系统','登录系统','','127.0.0.1','2018-07-05 17:45:53'),(140,'2018-07-05 18:01:36','2018-07-05 18:01:36','admin','15840979411','系统','登录系统','','127.0.0.1','2018-07-05 18:00:36'),(141,'2018-07-05 18:15:42','2018-07-05 18:15:42','admin','15840979411','系统','登录系统','','127.0.0.1','2018-07-05 18:14:42'),(142,'2018-07-05 18:33:52','2018-07-05 18:33:52','admin','15840979411','系统','登录系统','','127.0.0.1','2018-07-05 18:32:52'),(143,'2018-07-05 19:00:46','2018-07-05 19:00:46','admin','15840979411','系统','登录系统','','127.0.0.1','2018-07-05 18:59:46'),(144,'2018-07-05 19:01:59','2018-07-05 19:01:59','admin','15840979411','系统','登录系统','','127.0.0.1','2018-07-05 19:00:59'),(145,'2018-07-06 11:38:39','2018-07-06 11:38:39','admin','15840979411','系统','登录系统','','0:0:0:0:0:0:0:1','2018-07-06 11:37:37'),(146,'2018-07-06 12:03:15','2018-07-06 12:03:15','admin','15840979411','系统','登录系统','','0:0:0:0:0:0:0:1','2018-07-06 12:02:13'),(147,'2018-07-06 12:03:40','2018-07-06 12:03:40','admin','15840979411','系统','更新菜单','Menu={\"folder\":false,\"icon\":\"\",\"id\":295,\"level\":2,\"memo\":\"\",\"name\":\"返利统计\",\"permit\":\"/stats/statRebateDay*\",\"pid\":283,\"sort\":1170,\"url\":\"/stats/statsRebateDayList\"}','0:0:0:0:0:0:0:1','2018-07-06 12:02:38'),(148,'2018-07-06 12:03:49','2018-07-06 12:03:49','admin','15840979411','系统','更新菜单','Menu={\"folder\":false,\"icon\":\"\",\"id\":295,\"level\":2,\"memo\":\"\",\"name\":\"返利统计\",\"permit\":\"/stats/statsRebateDay*\",\"pid\":283,\"sort\":1170,\"url\":\"/stats/statsRebateDayList\"}','0:0:0:0:0:0:0:1','2018-07-06 12:02:46'),(149,'2018-07-06 12:04:01','2018-07-06 12:04:01','admin','15840979411','系统','更新菜单','Menu={\"folder\":false,\"icon\":\"\",\"id\":296,\"level\":2,\"memo\":\"\",\"name\":\"会费统计\",\"permit\":\"/stats/statsDuesDay*\",\"pid\":283,\"sort\":1180,\"url\":\"/stats/statsDuesDayList\"}','0:0:0:0:0:0:0:1','2018-07-06 12:02:59'),(150,'2018-07-06 12:04:13','2018-07-06 12:04:13','admin','15840979411','系统','登录系统','','0:0:0:0:0:0:0:1','2018-07-06 12:03:10'),(151,'2018-07-06 13:57:25','2018-07-06 13:57:25','admin','15840979411','系统','登录系统','','0:0:0:0:0:0:0:1','2018-07-06 13:56:22'),(152,'2018-07-06 14:39:30','2018-07-06 14:39:30','admin','15840979411','系统','登录系统','','0:0:0:0:0:0:0:1','2018-07-06 14:38:27'),(153,'2018-07-06 14:50:57','2018-07-06 14:50:57','admin','15840979411','系统','登录系统','','0:0:0:0:0:0:0:1','2018-07-06 14:49:55'),(154,'2018-07-06 15:37:09','2018-07-06 15:37:09','admin','15840979411','系统','登录系统','','0:0:0:0:0:0:0:1','2018-07-06 15:36:06'),(155,'2018-07-06 15:41:44','2018-07-06 15:41:44','admin','15840979411','系统','登录系统','','0:0:0:0:0:0:0:1','2018-07-06 15:40:41'),(156,'2018-07-06 16:20:42','2018-07-06 16:20:42','admin','15840979411','系统','登录系统','','0:0:0:0:0:0:0:1','2018-07-06 16:19:38'),(157,'2018-07-06 16:37:38','2018-07-06 16:37:38','admin','15840979411','系统','登录系统','','0:0:0:0:0:0:0:1','2018-07-06 16:36:35'),(158,'2018-07-06 17:16:44','2018-07-06 17:16:44','admin','15840979411','系统','登录系统','','0:0:0:0:0:0:0:1','2018-07-06 17:15:41'),(159,'2018-07-06 18:03:16','2018-07-06 18:03:16','admin','15840979411','系统','登录系统','','0:0:0:0:0:0:0:1','2018-07-06 18:02:13'),(160,'2018-07-09 14:45:55','2018-07-09 14:45:55','admin','15840979411','系统','登录系统','','0:0:0:0:0:0:0:1','2018-07-09 14:44:45'),(161,'2018-07-09 14:46:43','2018-07-09 14:46:43','admin','15840979411','系统','更新菜单','Menu={\"folder\":false,\"icon\":\"\",\"id\":299,\"level\":2,\"memo\":\"\",\"name\":\"返利审批\",\"permit\":\"/rebate/*\",\"pid\":283,\"sort\":1210,\"url\":\"/rebate/rebateApprovalList\"}','0:0:0:0:0:0:0:1','2018-07-09 14:45:32'),(162,'2018-07-09 14:46:54','2018-07-09 14:46:54','admin','15840979411','系统','登录系统','','0:0:0:0:0:0:0:1','2018-07-09 14:45:44'),(163,'2018-07-09 15:04:34','2018-07-09 15:04:34','admin','15840979411','系统','登录系统','','0:0:0:0:0:0:0:1','2018-07-09 15:03:24'),(164,'2018-07-09 15:06:48','2018-07-09 15:06:48','admin','15840979411','系统','登录系统','','0:0:0:0:0:0:0:1','2018-07-09 15:05:38'),(165,'2018-07-09 15:14:02','2018-07-09 15:14:02','admin','15840979411','系统','登录系统','','0:0:0:0:0:0:0:1','2018-07-09 15:12:52'),(166,'2018-07-09 15:20:32','2018-07-09 15:20:32','admin','15840979411','系统','登录系统','','0:0:0:0:0:0:0:1','2018-07-09 15:19:22'),(167,'2018-07-09 15:32:32','2018-07-09 15:32:32','admin','15840979411','系统','登录系统','','0:0:0:0:0:0:0:1','2018-07-09 15:31:22'),(168,'2018-07-09 16:09:19','2018-07-09 16:09:19','admin','15840979411','系统','登录系统','','0:0:0:0:0:0:0:1','2018-07-09 16:08:09'),(169,'2018-07-09 16:14:56','2018-07-09 16:14:56','admin','15840979411','系统','登录系统','','0:0:0:0:0:0:0:1','2018-07-09 16:13:46'),(170,'2018-07-09 16:23:41','2018-07-09 16:23:41','admin','15840979411','系统','登录系统','','0:0:0:0:0:0:0:1','2018-07-09 16:22:31'),(171,'2018-07-09 16:29:39','2018-07-09 16:29:39','admin','15840979411','系统','登录系统','','0:0:0:0:0:0:0:1','2018-07-09 16:28:28'),(172,'2018-07-09 17:26:39','2018-07-09 17:26:39','admin','15840979411','系统','登录系统','','0:0:0:0:0:0:0:1','2018-07-09 17:25:29'),(173,'2018-07-10 10:08:41','2018-07-10 10:08:41','admin','15840979411','系统','登录系统','','0:0:0:0:0:0:0:1','2018-07-10 10:07:29'),(174,'2018-07-10 10:12:03','2018-07-10 10:12:03','admin','15840979411','系统','登录系统','','0:0:0:0:0:0:0:1','2018-07-10 10:10:51'),(175,'2018-07-10 11:15:09','2018-07-10 11:15:09','admin','15840979411','系统','登录系统','','0:0:0:0:0:0:0:1','2018-07-10 11:13:57'),(176,'2018-07-10 11:59:52','2018-07-10 11:59:52','admin','15840979411','系统','登录系统','','0:0:0:0:0:0:0:1','2018-07-10 11:58:40'),(177,'2018-07-10 12:02:55','2018-07-10 12:02:55','admin','15840979411','系统','登录系统','','0:0:0:0:0:0:0:1','2018-07-10 12:01:43'),(178,'2018-07-10 12:20:08','2018-07-10 12:20:08','admin','15840979411','系统','登录系统','','0:0:0:0:0:0:0:1','2018-07-10 12:18:56'),(179,'2018-07-10 12:27:16','2018-07-10 12:27:16','admin','15840979411','系统','登录系统','','0:0:0:0:0:0:0:1','2018-07-10 12:26:04'),(180,'2018-07-10 12:30:47','2018-07-10 12:30:47','admin','15840979411','系统','登录系统','','0:0:0:0:0:0:0:1','2018-07-10 12:29:35'),(181,'2018-07-10 14:49:43','2018-07-10 14:49:43','admin','15840979411','系统','登录系统','','0:0:0:0:0:0:0:1','2018-07-10 14:48:31'),(182,'2018-07-10 15:05:34','2018-07-10 15:05:34','admin','15840979411','系统','登录系统','','0:0:0:0:0:0:0:1','2018-07-10 15:04:22'),(183,'2018-07-10 15:21:32','2018-07-10 15:21:32','admin','15840979411','系统','登录系统','','0:0:0:0:0:0:0:1','2018-07-10 15:20:19'),(184,'2018-07-10 18:03:38','2018-07-10 18:03:38','admin','15840979411','系统','登录系统','','0:0:0:0:0:0:0:1','2018-07-10 18:02:25'),(185,'2018-07-10 18:13:20','2018-07-10 18:13:20','admin','15840979411','系统','登录系统','','0:0:0:0:0:0:0:1','2018-07-10 18:12:08'),(186,'2018-07-10 18:25:33','2018-07-10 18:25:33','admin','15840979411','系统','登录系统','','0:0:0:0:0:0:0:1','2018-07-10 18:24:21'),(187,'2018-07-10 18:37:12','2018-07-10 18:37:12','admin','15840979411','系统','登录系统','','0:0:0:0:0:0:0:1','2018-07-10 18:36:00'),(188,'2018-07-10 18:43:19','2018-07-10 18:43:19','admin','15840979411','系统','登录系统','','0:0:0:0:0:0:0:1','2018-07-10 18:42:07'),(189,'2018-07-11 10:40:19','2018-07-11 10:40:19','admin','15840979411','系统','登录系统','','127.0.0.1','2018-07-11 10:39:05'),(190,'2018-07-11 14:38:39','2018-07-11 14:38:39','admin','15840979411','系统','登录系统','','127.0.0.1','2018-07-11 14:37:25'),(191,'2018-07-11 15:32:50','2018-07-11 15:32:50','admin','15840979411','系统','登录系统','','127.0.0.1','2018-07-11 15:31:36'),(192,'2018-07-11 15:38:20','2018-07-11 15:38:20','admin','15840979411','系统','登录系统','','127.0.0.1','2018-07-11 15:37:06'),(193,'2018-07-11 15:42:04','2018-07-11 15:42:04','admin','15840979411','系统','登录系统','','127.0.0.1','2018-07-11 15:40:50'),(194,'2018-07-11 15:51:06','2018-07-11 15:51:06','admin','15840979411','系统','登录系统','','127.0.0.1','2018-07-11 15:49:51'),(195,'2018-07-11 16:24:20','2018-07-11 16:24:20','admin','15840979411','系统','登录系统','','127.0.0.1','2018-07-11 16:23:05'),(196,'2018-07-11 18:15:39','2018-07-11 18:15:39','admin','15840979411','系统','登录系统','','127.0.0.1','2018-07-11 18:14:25'),(197,'2018-07-12 09:55:04','2018-07-12 09:55:04','admin','15840979411','系统','登录系统','','0:0:0:0:0:0:0:1','2018-07-12 09:53:47'),(198,'2018-07-12 10:15:58','2018-07-12 10:15:58','admin','15840979411','系统','登录系统','','0:0:0:0:0:0:0:1','2018-07-12 10:14:41'),(199,'2018-07-12 10:57:55','2018-07-12 10:57:55','admin','15840979411','系统','登录系统','','0:0:0:0:0:0:0:1','2018-07-12 10:56:38'),(200,'2018-07-12 11:03:51','2018-07-12 11:03:51','admin','15840979411','系统','登录系统','','0:0:0:0:0:0:0:1','2018-07-12 11:02:33'),(201,'2018-07-12 11:03:51','2018-07-12 11:03:51','admin','15840979411','系统','登录系统','','0:0:0:0:0:0:0:1','2018-07-12 11:02:33'),(202,'2018-07-12 11:12:19','2018-07-12 11:12:19','admin','15840979411','系统','登录系统','','0:0:0:0:0:0:0:1','2018-07-12 11:11:01'),(203,'2018-07-12 11:24:46','2018-07-12 11:24:46','admin','15840979411','系统','登录系统','','0:0:0:0:0:0:0:1','2018-07-12 11:23:28'),(204,'2018-07-12 11:58:03','2018-07-12 11:58:03','admin','15840979411','系统','登录系统','','0:0:0:0:0:0:0:1','2018-07-12 11:56:46'),(205,'2018-07-12 12:16:58','2018-07-12 12:16:58','admin','15840979411','系统','登录系统','','0:0:0:0:0:0:0:1','2018-07-12 12:15:41'),(206,'2018-07-12 12:26:52','2018-07-12 12:26:52','admin','15840979411','系统','登录系统','','0:0:0:0:0:0:0:1','2018-07-12 12:25:35'),(207,'2018-07-12 13:22:57','2018-07-12 13:22:57','admin','15840979411','系统','登录系统','','0:0:0:0:0:0:0:1','2018-07-12 13:21:40'),(208,'2018-07-12 13:35:39','2018-07-12 13:35:39','admin','15840979411','系统','登录系统','','0:0:0:0:0:0:0:1','2018-07-12 13:34:22'),(209,'2018-07-12 14:29:30','2018-07-12 14:29:30','admin','15840979411','系统','登录系统','','0:0:0:0:0:0:0:1','2018-07-12 14:28:13'),(210,'2018-07-12 14:44:07','2018-07-12 14:44:07','admin','15840979411','系统','登录系统','','0:0:0:0:0:0:0:1','2018-07-12 14:42:49'),(211,'2018-07-12 16:07:41','2018-07-12 16:07:41','admin','15840979411','系统','登录系统','','0:0:0:0:0:0:0:1','2018-07-12 16:06:24'),(212,'2018-07-12 16:24:02','2018-07-12 16:24:02','admin','15840979411','系统','登录系统','','0:0:0:0:0:0:0:1','2018-07-12 16:22:44'),(213,'2018-07-12 16:30:13','2018-07-12 16:30:13','admin','15840979411','系统','登录系统','','0:0:0:0:0:0:0:1','2018-07-12 16:28:55'),(214,'2018-07-12 16:38:08','2018-07-12 16:38:08','admin','15840979411','系统','更新菜单','Menu={\"folder\":false,\"icon\":\"\",\"level\":2,\"memo\":\"\",\"name\":\"实名认证\",\"permit\":\"/realname/*\",\"pid\":286,\"url\":\"/realname/list\"}','0:0:0:0:0:0:0:1','2018-07-12 16:36:51'),(215,'2018-07-12 16:39:41','2018-07-12 16:39:41','admin','15840979411','系统','更新菜单','Menu={\"folder\":false,\"icon\":\"\",\"level\":2,\"memo\":\"\",\"name\":\"测试充值\",\"permit\":\"/recharge/*\",\"pid\":286,\"url\":\"/recharge/list\"}','0:0:0:0:0:0:0:1','2018-07-12 16:38:23'),(216,'2018-07-12 17:44:17','2018-07-12 17:44:17','admin','15840979411','系统','登录系统','','0:0:0:0:0:0:0:1','2018-07-12 17:42:59'),(217,'2018-07-12 17:44:37','2018-07-12 17:44:37','admin','15840979411','系统','分配菜单','roleId=24,ids=24,257,275,276,31,277,278,279,280,281,282,238,286,290,300,301,285,283,291,292,293,294,295,296,297,298,299,284,287,288,289,117,110','0:0:0:0:0:0:0:1','2018-07-12 17:43:19'),(218,'2018-07-12 17:44:49','2018-07-12 17:44:49','admin','15840979411','系统','分配菜单','roleId=1,ids=0,24,257,275,276,31,277,278,279,280,281,282,238,286,290,300,301,285,283,291,292,293,294,295,296,297,298,299,284,287,288,289,110,114,115,116,118,117','0:0:0:0:0:0:0:1','2018-07-12 17:43:31'),(219,'2018-07-12 17:45:05','2018-07-12 17:45:05','admin','15840979411','系统','登录系统','','0:0:0:0:0:0:0:1','2018-07-12 17:43:47'),(220,'2018-07-12 17:53:50','2018-07-12 17:53:50','admin','15840979411','系统','登录系统','','0:0:0:0:0:0:0:1','2018-07-12 17:52:33'),(221,'2018-07-12 18:16:37','2018-07-12 18:16:37','admin','15840979411','系统','登录系统','','0:0:0:0:0:0:0:1','2018-07-12 18:15:19'),(222,'2018-07-13 11:36:12','2018-07-13 11:36:12','admin','15840979411','系统','登录系统','','0:0:0:0:0:0:0:1','2018-07-13 11:34:52'),(223,'2018-07-13 11:42:50','2018-07-13 11:42:50','admin','15840979411','系统','登录系统','','0:0:0:0:0:0:0:1','2018-07-13 11:41:31'),(224,'2018-07-13 11:46:00','2018-07-13 11:46:00','admin','15840979411','系统','登录系统','','0:0:0:0:0:0:0:1','2018-07-13 11:44:41'),(225,'2018-07-13 12:06:10','2018-07-13 12:06:10','admin','15840979411','系统','登录系统','','0:0:0:0:0:0:0:1','2018-07-13 12:04:51'),(226,'2018-07-13 12:21:17','2018-07-13 12:21:17','admin','15840979411','系统','登录系统','','0:0:0:0:0:0:0:1','2018-07-13 12:19:57'),(227,'2018-07-13 14:29:44','2018-07-13 14:29:44','admin','15840979411','系统','登录系统','','0:0:0:0:0:0:0:1','2018-07-13 14:28:25'),(228,'2018-07-13 15:24:54','2018-07-13 15:24:54','admin','15840979411','系统','登录系统','','0:0:0:0:0:0:0:1','2018-07-13 15:23:35'),(229,'2018-07-13 15:41:37','2018-07-13 15:41:37','admin','15840979411','系统','登录系统','','0:0:0:0:0:0:0:1','2018-07-13 15:40:17'),(230,'2018-07-13 16:13:58','2018-07-13 16:13:58','admin','15840979411','系统','登录系统','','0:0:0:0:0:0:0:1','2018-07-13 16:12:39'),(231,'2018-07-13 17:12:14','2018-07-13 17:12:14','admin','15840979411','系统','登录系统','','0:0:0:0:0:0:0:1','2018-07-13 17:10:54'),(232,'2018-07-13 18:14:02','2018-07-13 18:14:02','admin','15840979411','系统','登录系统','','0:0:0:0:0:0:0:1','2018-07-13 18:12:43'),(233,'2018-07-17 17:16:48','2018-07-17 17:16:48','admin','15840979411','系统','登录系统','','0:0:0:0:0:0:0:1','2018-07-17 17:15:19'),(234,'2018-07-17 17:18:58','2018-07-17 17:18:58','admin','15840979411','系统','分配菜单','roleId=1,ids=286,290,300,301,285,283,291,292,293,294,295,296,297,298,299,284,287,288,289,110,114,115,116,118,117','0:0:0:0:0:0:0:1','2018-07-17 17:17:29'),(235,'2018-07-17 17:19:11','2018-07-17 17:19:11','admin','15840979411','系统','分配菜单','roleId=24,ids=286,290,300,301,285,283,291,292,293,294,295,296,297,298,299,284,287,288,289,117,110','0:0:0:0:0:0:0:1','2018-07-17 17:17:42'),(236,'2018-07-17 17:20:02','2018-07-17 17:20:02','admin','15840979411','系统','更新菜单','Menu={\"folder\":false,\"icon\":\"\",\"level\":2,\"memo\":\"\",\"name\":\"资产负债\",\"permit\":\"\",\"pid\":285,\"url\":\"/\"}','0:0:0:0:0:0:0:1','2018-07-17 17:18:32'),(237,'2018-07-17 17:22:47','2018-07-17 17:22:47','admin','15840979411','系统','更新菜单','Menu={\"folder\":false,\"icon\":\"\",\"level\":2,\"memo\":\"\",\"name\":\"利润\",\"permit\":\"/\",\"pid\":285,\"url\":\"/\"}','0:0:0:0:0:0:0:1','2018-07-17 17:21:17'),(238,'2018-07-17 17:23:07','2018-07-17 17:23:07','admin','15840979411','系统','更新菜单','Menu={\"folder\":false,\"icon\":\"\",\"level\":2,\"memo\":\"\",\"name\":\"数字货币充值记录\",\"permit\":\"/\",\"pid\":285,\"url\":\"/\"}','0:0:0:0:0:0:0:1','2018-07-17 17:21:38'),(239,'2018-07-17 17:23:25','2018-07-17 17:23:25','admin','15840979411','系统','更新菜单','Menu={\"folder\":false,\"icon\":\"\",\"level\":2,\"memo\":\"\",\"name\":\"数字货币提现记录\",\"permit\":\"/\",\"pid\":285,\"url\":\"/\"}','0:0:0:0:0:0:0:1','2018-07-17 17:21:56'),(240,'2018-07-17 17:23:40','2018-07-17 17:23:40','admin','15840979411','系统','更新菜单','Menu={\"folder\":false,\"icon\":\"\",\"level\":2,\"memo\":\"\",\"name\":\"交易手续费设置\",\"permit\":\"/\",\"pid\":285,\"url\":\"/\"}','0:0:0:0:0:0:0:1','2018-07-17 17:22:11'),(241,'2018-07-17 18:04:17','2018-07-17 18:04:17','admin','15840979411','系统','登录系统','','0:0:0:0:0:0:0:1','2018-07-17 18:02:47'),(242,'2018-07-17 18:04:30','2018-07-17 18:04:30','admin','15840979411','系统','删除菜单','id=238','0:0:0:0:0:0:0:1','2018-07-17 18:03:01'),(243,'2018-07-17 18:04:36','2018-07-17 18:04:36','admin','15840979411','系统','删除菜单','id=282','0:0:0:0:0:0:0:1','2018-07-17 18:03:07'),(244,'2018-07-17 18:04:42','2018-07-17 18:04:42','admin','15840979411','系统','删除菜单','id=281','0:0:0:0:0:0:0:1','2018-07-17 18:03:13'),(245,'2018-07-17 18:04:49','2018-07-17 18:04:49','admin','15840979411','系统','删除菜单','id=280','0:0:0:0:0:0:0:1','2018-07-17 18:03:20'),(246,'2018-07-17 18:04:54','2018-07-17 18:04:54','admin','15840979411','系统','删除菜单','id=279','0:0:0:0:0:0:0:1','2018-07-17 18:03:25'),(247,'2018-07-17 18:05:01','2018-07-17 18:05:01','admin','15840979411','系统','删除菜单','id=278','0:0:0:0:0:0:0:1','2018-07-17 18:03:31'),(248,'2018-07-17 18:05:06','2018-07-17 18:05:06','admin','15840979411','系统','删除菜单','id=277','0:0:0:0:0:0:0:1','2018-07-17 18:03:37'),(249,'2018-07-17 18:05:12','2018-07-17 18:05:12','admin','15840979411','系统','删除菜单','id=31','0:0:0:0:0:0:0:1','2018-07-17 18:03:43'),(250,'2018-07-17 18:05:18','2018-07-17 18:05:18','admin','15840979411','系统','删除菜单','id=276','0:0:0:0:0:0:0:1','2018-07-17 18:03:49'),(251,'2018-07-17 18:05:23','2018-07-17 18:05:23','admin','15840979411','系统','删除菜单','id=275','0:0:0:0:0:0:0:1','2018-07-17 18:03:54'),(252,'2018-07-17 18:05:29','2018-07-17 18:05:29','admin','15840979411','系统','删除菜单','id=257','0:0:0:0:0:0:0:1','2018-07-17 18:04:00'),(253,'2018-07-17 18:05:36','2018-07-17 18:05:36','admin','15840979411','系统','删除菜单','id=24','0:0:0:0:0:0:0:1','2018-07-17 18:04:07'),(254,'2018-07-17 18:06:04','2018-07-17 18:06:04','admin','15840979411','系统','更新菜单','Menu={\"folder\":false,\"icon\":\"\",\"id\":304,\"level\":2,\"memo\":\"\",\"name\":\"数字货币充值记录\",\"permit\":\"/deposit/*\",\"pid\":285,\"sort\":2390,\"url\":\"/deposit/list\"}','0:0:0:0:0:0:0:1','2018-07-17 18:04:34'),(255,'2018-07-17 18:06:25','2018-07-17 18:06:25','admin','15840979411','系统','更新菜单','Menu={\"folder\":false,\"icon\":\"\",\"id\":305,\"level\":2,\"memo\":\"\",\"name\":\"数字货币提现记录\",\"permit\":\"/withdraw/*\",\"pid\":285,\"sort\":2400,\"url\":\"/withdraw/list\"}','0:0:0:0:0:0:0:1','2018-07-17 18:04:56'),(256,'2018-07-17 18:06:40','2018-07-17 18:06:40','admin','15840979411','系统','分配菜单','roleId=1,ids=0,286,290,300,301,285,302,303,304,305,306,283,291,292,293,294,295,296,297,298,299,284,287,288,289,110,114,115,116,118,117','0:0:0:0:0:0:0:1','2018-07-17 18:05:11'),(257,'2018-07-17 18:06:54','2018-07-17 18:06:54','admin','15840979411','系统','登录系统','','0:0:0:0:0:0:0:1','2018-07-17 18:05:25'),(258,'2018-07-17 18:47:21','2018-07-17 18:47:21','admin','15840979411','系统','登录系统','','0:0:0:0:0:0:0:1','2018-07-17 18:45:52'),(259,'2018-07-17 18:47:47','2018-07-17 18:47:47','admin','15840979411','系统','更新菜单','Menu={\"folder\":false,\"icon\":\"\",\"id\":306,\"level\":2,\"memo\":\"\",\"name\":\"交易手续费设置\",\"permit\":\"/fee/*\",\"pid\":285,\"sort\":2410,\"url\":\"/fee/list\"}','0:0:0:0:0:0:0:1','2018-07-17 18:46:18'),(260,'2018-07-17 18:47:57','2018-07-17 18:47:57','admin','15840979411','系统','登录系统','','0:0:0:0:0:0:0:1','2018-07-17 18:46:27'),(261,'2018-07-17 18:56:00','2018-07-17 18:56:00','admin','15840979411','系统','登录系统','','0:0:0:0:0:0:0:1','2018-07-17 18:54:31'),(262,'2018-07-17 19:26:09','2018-07-17 19:26:09','admin','15840979411','系统','登录系统','','0:0:0:0:0:0:0:1','2018-07-17 19:24:40'),(263,'2018-07-17 19:26:21','2018-07-17 19:26:21','admin','15840979411','系统','添加/更新费率信息','ExFee={\"rate\":0.002,\"symbol\":\"ETHBTC\",\"type\":\"TRADE_MAKER_VIP0\"}','0:0:0:0:0:0:0:1','2018-07-17 19:24:52'),(264,'2018-07-17 19:28:39','2018-07-17 19:28:39','admin','15840979411','系统','登录系统','','127.0.0.1','2018-07-17 19:27:10'),(265,'2018-07-17 19:28:48','2018-07-17 19:28:48','admin','15840979411','系统','添加/更新费率信息','ExFee={\"rate\":0.002,\"symbol\":\"ETHBTC\",\"type\":\"TRADE_MAKER_VIP0\"}','127.0.0.1','2018-07-17 19:27:19'),(266,'2018-07-17 19:37:47','2018-07-17 19:37:47','admin','15840979411','系统','登录系统','','0:0:0:0:0:0:0:1','2018-07-17 19:36:18'),(267,'2018-07-17 19:37:57','2018-07-17 19:37:57','admin','15840979411','系统','添加/更新费率信息','ExFee={\"rate\":0.003,\"symbol\":\"ETHBTC\",\"type\":\"TRADE_MAKER_VIP0\"}','0:0:0:0:0:0:0:1','2018-07-17 19:36:27'),(268,'2018-07-17 19:43:07','2018-07-17 19:43:07','admin','15840979411','系统','登录系统','','0:0:0:0:0:0:0:1','2018-07-17 19:41:38'),(269,'2018-07-17 19:43:18','2018-07-17 19:43:18','admin','15840979411','系统','添加/更新费率信息','ExFee={\"rate\":0.003,\"symbol\":\"ETHBTC\",\"type\":\"TRADE_MAKER_VIP0\"}','0:0:0:0:0:0:0:1','2018-07-17 19:41:49'),(270,'2018-07-17 19:43:24','2018-07-17 19:43:24','admin','15840979411','系统','添加/更新费率信息','ExFee={\"rate\":0.003,\"symbol\":\"ETHBTC\",\"type\":\"TRADE_MAKER_VIP0\"}','0:0:0:0:0:0:0:1','2018-07-17 19:41:54'),(271,'2018-07-17 19:43:29','2018-07-17 19:43:29','admin','15840979411','系统','添加/更新费率信息','ExFee={\"rate\":0.003,\"symbol\":\"ETHBTC\",\"type\":\"TRADE_MAKER_VIP1\"}','0:0:0:0:0:0:0:1','2018-07-17 19:41:59'),(272,'2018-07-17 19:43:35','2018-07-17 19:43:35','admin','15840979411','系统','删除费率信息','id=2','0:0:0:0:0:0:0:1','2018-07-17 19:42:06'),(273,'2018-07-17 19:44:07','2018-07-17 19:44:07','admin','15840979411','系统','添加/更新费率信息','ExFee={\"id\":1,\"rate\":0.001,\"symbol\":\"ETHBTC\",\"type\":\"TRADE_MAKER_VIP0\"}','0:0:0:0:0:0:0:1','2018-07-17 19:42:38'),(274,'2018-07-19 11:50:52','2018-07-19 11:50:52','admin','15840979411','系统','登录系统','','192.168.0.126','2018-07-19 11:50:52'),(275,'2018-07-19 12:23:23','2018-07-19 12:23:23','admin','15840979411','系统','登录系统','','222.129.5.168','2018-07-19 12:23:24'),(276,'2018-07-19 12:25:33','2018-07-19 12:25:33','admin','15840979411','系统','登录系统','','42.92.182.199','2018-07-19 12:25:33'),(277,'2018-07-19 13:30:46','2018-07-19 13:30:46','admin','15840979411','系统','登录系统','','42.92.182.199','2018-07-19 13:30:47'),(278,'2018-07-19 15:31:32','2018-07-19 15:31:32','admin','15840979411','系统','登录系统','','42.92.182.199','2018-07-19 15:31:32'),(279,'2018-07-19 16:39:10','2018-07-19 16:39:10','admin','15840979411','系统','登录系统','','27.224.149.125','2018-07-19 16:39:11'),(280,'2018-07-19 18:38:24','2018-07-19 18:38:24','admin','15840979411','系统','登录系统','','127.0.0.1','2018-07-19 18:36:49'),(281,'2018-07-19 18:41:47','2018-07-19 18:41:47','admin','15840979411','系统','登录系统','','127.0.0.1','2018-07-19 18:40:12'),(282,'2018-07-19 19:02:20','2018-07-19 19:02:20','admin','15840979411','系统','登录系统','','127.0.0.1','2018-07-19 19:00:45'),(283,'2018-07-19 19:20:49','2018-07-19 19:20:49','admin','15840979411','系统','登录系统','','222.129.5.168','2018-07-19 19:20:50'),(284,'2018-07-19 19:23:03','2018-07-19 19:23:03','admin','15840979411','系统','登录系统','','222.129.5.168','2018-07-19 19:23:04'),(285,'2018-07-19 20:48:14','2018-07-19 20:48:14','admin','15840979411','系统','登录系统','','42.92.182.199','2018-07-19 20:48:14'),(286,'2018-07-20 09:29:44','2018-07-20 09:29:44','admin','15840979411','系统','登录系统','','35.234.41.35','2018-07-20 09:29:45'),(287,'2018-07-20 09:59:47','2018-07-20 09:59:47','admin','15840979411','系统','登录系统','','222.129.5.168','2018-07-20 09:59:45'),(288,'2018-07-20 11:50:20','2018-07-20 11:50:20','admin','15840979411','系统','登录系统','','222.129.5.168','2018-07-20 11:50:20'),(289,'2018-07-20 13:26:17','2018-07-20 13:26:17','admin','15840979411','系统','登录系统','','35.234.41.35','2018-07-20 13:26:18'),(290,'2018-07-20 13:41:18','2018-07-20 13:41:18','admin','15840979411','系统','登录系统','','222.129.5.168','2018-07-20 13:41:18'),(291,'2018-07-20 14:04:37','2018-07-20 14:04:37','admin','15840979411','系统','更新菜单','Menu={\"folder\":false,\"icon\":\"\",\"level\":2,\"memo\":\"\",\"name\":\"现金流量\",\"permit\":\"/\",\"pid\":285,\"sort\":2371,\"url\":\"/\"}','222.129.5.168','2018-07-20 14:04:37'),(292,'2018-07-20 14:04:54','2018-07-20 14:04:54','admin','15840979411','系统','分配菜单','roleId=1,ids=0,286,290,300,301,285,302,307,303,304,305,306,283,291,292,293,294,295,296,297,298,299,284,287,288,289,110,114,115,116,118,117','222.129.5.168','2018-07-20 14:04:55'),(293,'2018-07-20 14:21:09','2018-07-20 14:21:09','admin','15840979411','系统','登录系统','','27.224.149.125','2018-07-20 14:21:10'),(294,'2018-07-20 15:00:21','2018-07-20 15:00:21','admin','15840979411','系统','登录系统','','0:0:0:0:0:0:0:1','2018-07-20 14:58:43'),(295,'2018-07-20 15:10:09','2018-07-20 15:10:09','admin','15840979411','系统','提现审核通过','','0:0:0:0:0:0:0:1','2018-07-20 15:08:31'),(296,'2018-07-20 15:10:49','2018-07-20 15:10:49','admin','15840979411','系统','提现审核拒绝','','0:0:0:0:0:0:0:1','2018-07-20 15:09:11'),(297,'2018-07-20 15:24:16','2018-07-20 15:24:16','admin','15840979411','系统','登录系统','','27.224.149.125','2018-07-20 15:24:17'),(298,'2018-07-20 16:33:17','2018-07-20 16:33:17','admin','15840979411','系统','登录系统','','27.224.149.125','2018-07-20 16:33:17'),(299,'2018-07-20 16:46:36','2018-07-20 16:46:36','admin','15840979411','系统','登录系统','','0:0:0:0:0:0:0:1','2018-07-20 16:44:58'),(300,'2018-07-20 17:43:36','2018-07-20 17:43:36','admin','15840979411','系统','登录系统','','27.224.149.125','2018-07-20 17:43:36'),(301,'2018-07-20 18:47:51','2018-07-20 18:47:51','admin','15840979411','系统','登录系统','','27.224.149.125','2018-07-20 18:47:51'),(302,'2018-07-20 19:41:20','2018-07-20 19:41:20','admin','15840979411','系统','登录系统','','27.224.149.125','2018-07-20 19:41:20'),(303,'2018-07-20 20:26:20','2018-07-20 20:26:20','admin','15840979411','系统','登录系统','','0:0:0:0:0:0:0:1','2018-07-20 20:24:41'),(304,'2018-07-20 20:29:25','2018-07-20 20:29:25','admin','15840979411','系统','登录系统','','0:0:0:0:0:0:0:1','2018-07-20 20:27:46'),(305,'2018-07-20 20:39:22','2018-07-20 20:39:22','admin','15840979411','系统','登录系统','','0:0:0:0:0:0:0:1','2018-07-20 20:37:43'),(306,'2018-07-20 20:51:54','2018-07-20 20:51:54','admin','15840979411','系统','登录系统','','1.203.182.247','2018-07-20 20:51:54'),(307,'2018-07-20 22:03:23','2018-07-20 22:03:23','admin','15840979411','系统','登录系统','','42.91.3.9','2018-07-20 22:03:24'),(308,'2018-07-20 23:07:38','2018-07-20 23:07:38','admin','15840979411','系统','登录系统','','42.91.3.9','2018-07-20 23:07:39'),(309,'2018-07-21 11:03:37','2018-07-21 11:03:37','admin','15840979411','系统','登录系统','','42.91.3.9','2018-07-21 11:03:38'),(310,'2018-07-21 11:11:21','2018-07-21 11:11:21','admin','15840979411','系统','登录系统','','42.91.3.9','2018-07-21 11:11:22'),(311,'2018-07-23 11:01:51','2018-07-23 11:01:51','admin','15840979411','系统','登录系统','','222.130.135.88','2018-07-23 11:01:52'),(312,'2018-07-23 11:46:25','2018-07-23 11:46:25','admin','15840979411','系统','登录系统','','222.130.135.88','2018-07-23 11:46:25'),(313,'2018-07-23 14:11:41','2018-07-23 14:11:41','admin','15840979411','系统','登录系统','','27.224.149.125','2018-07-23 14:11:41'),(314,'2018-07-23 14:26:06','2018-07-23 14:26:06','admin','15840979411','系统','登录系统','','222.130.135.88','2018-07-23 14:26:06'),(315,'2018-07-23 14:33:10','2018-07-23 14:33:10','admin','15840979411','系统','登录系统','','0:0:0:0:0:0:0:1','2018-07-23 14:31:26'),(316,'2018-07-23 15:25:25','2018-07-23 15:25:25','admin','15840979411','系统','登录系统','','222.130.135.88','2018-07-23 15:25:25'),(317,'2018-07-23 16:10:30','2018-07-23 16:10:30','admin','15840979411','系统','登录系统','','222.130.135.88','2018-07-23 16:10:31'),(318,'2018-07-23 16:15:22','2018-07-23 16:15:22','admin','15840979411','系统','登录系统','','27.224.149.125','2018-07-23 16:15:22'),(319,'2018-07-23 18:44:03','2018-07-23 18:44:03','admin','15840979411','系统','登录系统','','222.130.135.88','2018-07-23 18:44:03'),(320,'2018-07-23 18:50:57','2018-07-23 18:50:57','admin','15840979411','系统','提现审核通过','','222.130.135.88','2018-07-23 18:50:57'),(321,'2018-07-24 09:38:12','2018-07-24 09:38:12','admin','15840979411','系统','登录系统','','42.92.182.201','2018-07-24 09:38:12'),(322,'2018-07-24 11:40:55','2018-07-24 11:40:55','admin','15840979411','系统','登录系统','','222.130.135.88','2018-07-24 11:40:55'),(323,'2018-07-24 11:41:01','2018-07-24 11:41:01','admin','15840979411','系统','提现审核通过','','222.130.135.88','2018-07-24 11:41:02'),(324,'2018-07-24 14:46:05','2018-07-24 14:46:05','admin','15840979411','系统','登录系统','','222.130.135.88','2018-07-24 14:46:06'),(325,'2018-07-24 14:46:14','2018-07-24 14:46:14','admin','15840979411','系统','提现审核通过','','222.130.135.88','2018-07-24 14:46:14'),(326,'2018-07-24 16:41:34','2018-07-24 16:41:34','admin','15840979411','系统','登录系统','','222.130.135.88','2018-07-24 16:41:35'),(327,'2018-07-24 16:42:08','2018-07-24 16:42:08','admin','15840979411','系统','添加/更新费率信息','ExFee={\"rate\":0.001,\"symbol\":\"ETHBTC\",\"type\":\"TRADE_MAKER_VIP0\"}','222.130.135.88','2018-07-24 16:42:08'),(328,'2018-07-24 16:42:20','2018-07-24 16:42:20','admin','15840979411','系统','添加/更新费率信息','ExFee={\"rate\":0.001,\"symbol\":\"ETHBTC\",\"type\":\"TRADE_TAKER_VIP0\"}','222.130.135.88','2018-07-24 16:42:21'),(329,'2018-07-24 18:57:20','2018-07-24 18:57:20','admin','15840979411','系统','登录系统','','42.90.99.0','2018-07-24 18:57:20'),(330,'2018-07-25 10:18:25','2018-07-25 10:18:25','admin','15840979411','系统','登录系统','','222.130.135.88','2018-07-25 10:18:25'),(331,'2018-07-25 15:52:20','2018-07-25 15:52:20','admin','15840979411','系统','登录系统','','27.224.149.23','2018-07-25 15:52:20'),(332,'2018-07-25 15:52:26','2018-07-25 15:52:26','admin','15840979411','系统','登录系统','','27.224.149.23','2018-07-25 15:52:26'),(333,'2018-07-25 16:04:03','2018-07-25 16:04:03','admin','15840979411','系统','登录系统','','27.224.149.23','2018-07-25 16:04:03'),(334,'2018-07-25 16:30:40','2018-07-25 16:30:40','admin','15840979411','系统','登录系统','','222.129.6.142','2018-07-25 16:30:41'),(335,'2018-07-25 16:40:10','2018-07-25 16:40:10','admin','15840979411','系统','登录系统','','27.224.149.23','2018-07-25 16:40:11'),(336,'2018-07-25 17:32:42','2018-07-25 17:32:42','admin','15840979411','系统','登录系统','','27.224.149.23','2018-07-25 17:32:43'),(337,'2018-07-26 08:50:05','2018-07-26 08:50:05','admin','15840979411','系统','登录系统','','27.224.149.23','2018-07-26 08:50:05'),(338,'2018-07-26 09:24:39','2018-07-26 09:24:39','admin','15840979411','系统','登录系统','','27.224.149.23','2018-07-26 09:24:40');

/*Table structure for table `admin_role` */

DROP TABLE IF EXISTS `admin_role`;

CREATE TABLE `admin_role` (
  `id` bigint(20) NOT NULL AUTO_INCREMENT,
  `code` varchar(50) DEFAULT NULL,
  `name` varchar(50) DEFAULT NULL,
  `memo` varchar(255) DEFAULT NULL,
  `locked` tinyint(1) DEFAULT NULL,
  `system` tinyint(1) DEFAULT NULL,
  `assignable` tinyint(1) DEFAULT NULL,
  `version` int(11) NOT NULL DEFAULT '0',
  `created_time` timestamp NOT NULL DEFAULT CURRENT_TIMESTAMP,
  `updated_time` timestamp NULL DEFAULT CURRENT_TIMESTAMP ON UPDATE CURRENT_TIMESTAMP,
  PRIMARY KEY (`id`) USING BTREE
) ENGINE=InnoDB AUTO_INCREMENT=25 DEFAULT CHARSET=utf8;

/*Data for the table `admin_role` */

insert  into `admin_role`(`id`,`code`,`name`,`memo`,`locked`,`system`,`assignable`,`version`,`created_time`,`updated_time`) values (1,'ROLE_ADMIN','超级管理员','',0,1,0,0,'2017-03-31 15:56:35','2017-12-16 18:01:02'),(24,'ROLE_OPERATOR','运营管理员','123',0,0,1,0,'2018-06-28 14:33:49','2018-07-26 18:22:44');

/*Table structure for table `admin_role_menu` */

DROP TABLE IF EXISTS `admin_role_menu`;

CREATE TABLE `admin_role_menu` (
  `id` bigint(20) NOT NULL AUTO_INCREMENT,
  `menu_id` bigint(20) DEFAULT NULL,
  `role_id` bigint(20) DEFAULT NULL,
  PRIMARY KEY (`id`) USING BTREE
) ENGINE=InnoDB AUTO_INCREMENT=7723 DEFAULT CHARSET=utf8;

/*Data for the table `admin_role_menu` */

insert  into `admin_role_menu`(`id`,`menu_id`,`role_id`) values (7714,0,1),(7715,110,1),(7716,114,1),(7717,115,1),(7718,116,1),(7719,118,1),(7720,117,1),(7721,117,24),(7722,110,24);

/*Table structure for table `admin_type_code` */

DROP TABLE IF EXISTS `admin_type_code`;

CREATE TABLE `admin_type_code` (
  `id` bigint(20) NOT NULL AUTO_INCREMENT,
  `tcode` varchar(50) NOT NULL COMMENT '代码类型编号',
  `tname` varchar(50) NOT NULL COMMENT '代码类型名称',
  `content` varchar(2000) NOT NULL COMMENT '代码内容',
  `created_time` timestamp NULL DEFAULT CURRENT_TIMESTAMP,
  `updated_time` timestamp NULL DEFAULT CURRENT_TIMESTAMP ON UPDATE CURRENT_TIMESTAMP,
  PRIMARY KEY (`id`) USING BTREE
) ENGINE=InnoDB AUTO_INCREMENT=7 DEFAULT CHARSET=utf8;

/*Data for the table `admin_type_code` */

insert  into `admin_type_code`(`id`,`tcode`,`tname`,`content`,`created_time`,`updated_time`) values (3,'sex','性别','M,男\nW,女\nO,保密',NULL,'2018-06-28 14:36:10'),(6,'demo1','DEMO1','code1,value1,extend1\ncode2,value2,extend2\ncode3,value3,extend3\ncode4,value4,extend4',NULL,'2017-11-03 15:16:48');

/*Table structure for table `admin_user` */

DROP TABLE IF EXISTS `admin_user`;

CREATE TABLE `admin_user` (
  `id` bigint(20) NOT NULL AUTO_INCREMENT,
  `username` varchar(50) DEFAULT NULL,
  `chinese_name` varchar(50) DEFAULT NULL,
  `nickname` varchar(50) DEFAULT NULL,
  `password` varchar(50) DEFAULT NULL,
  `mobile` varchar(255) DEFAULT NULL,
  `mobile_verified` tinyint(1) DEFAULT NULL,
  `email` varchar(50) DEFAULT NULL,
  `email_verified` tinyint(1) DEFAULT NULL,
  `head_img` varchar(50) DEFAULT NULL,
  `birthday` varchar(50) DEFAULT NULL,
  `sex` varchar(10) DEFAULT NULL,
  `location` varchar(50) DEFAULT NULL,
  `user_type` int(11) DEFAULT NULL,
  `company_id` int(11) DEFAULT NULL COMMENT '公司ID',
  `company_name` varchar(100) DEFAULT NULL COMMENT '公司名称',
  `app_enabled` tinyint(1) DEFAULT '0' COMMENT '是否app登陆',
  `locked` tinyint(1) DEFAULT NULL,
  `register_app` varchar(20) DEFAULT NULL,
  `data_range` varchar(255) DEFAULT NULL,
  `memo` varchar(255) DEFAULT NULL,
  `ext` varchar(255) DEFAULT NULL,
  `version` int(11) DEFAULT NULL,
  `created_time` timestamp NULL DEFAULT CURRENT_TIMESTAMP,
  `updated_time` timestamp NULL DEFAULT CURRENT_TIMESTAMP ON UPDATE CURRENT_TIMESTAMP,
  `deleted` tinyint(1) DEFAULT '0' COMMENT '0：未删除，1：已删除',
  PRIMARY KEY (`id`) USING BTREE,
  UNIQUE KEY `UK6991qhf6uirwipgknf5jlf3re` (`username`,`mobile`,`email`) USING BTREE
) ENGINE=InnoDB AUTO_INCREMENT=3 DEFAULT CHARSET=utf8;

/*Data for the table `admin_user` */

insert  into `admin_user`(`id`,`username`,`chinese_name`,`nickname`,`password`,`mobile`,`mobile_verified`,`email`,`email_verified`,`head_img`,`birthday`,`sex`,`location`,`user_type`,`company_id`,`company_name`,`app_enabled`,`locked`,`register_app`,`data_range`,`memo`,`ext`,`version`,`created_time`,`updated_time`,`deleted`) values (2,'admin','管理员','管理员','ea48576f30be1669971699c09ad05c94','13800000000',NULL,'123@123.com',NULL,NULL,NULL,'W',NULL,0,1,NULL,1,0,'profit',NULL,'备注','ed2b1f468c5f915f3f1cf75d7068baae',0,'2017-03-30 18:36:34','2018-07-26 18:37:32',0);

/*Table structure for table `admin_user_role` */

DROP TABLE IF EXISTS `admin_user_role`;

CREATE TABLE `admin_user_role` (
  `id` bigint(20) NOT NULL AUTO_INCREMENT,
  `role_id` bigint(20) DEFAULT NULL,
  `user_id` bigint(20) DEFAULT NULL,
  PRIMARY KEY (`id`) USING BTREE
) ENGINE=InnoDB AUTO_INCREMENT=149 DEFAULT CHARSET=utf8;

/*Data for the table `admin_user_role` */

insert  into `admin_user_role`(`id`,`role_id`,`user_id`) values (76,1,2),(148,24,2);

/*!40101 SET SQL_MODE=@OLD_SQL_MODE */;
/*!40014 SET FOREIGN_KEY_CHECKS=@OLD_FOREIGN_KEY_CHECKS */;
/*!40014 SET UNIQUE_CHECKS=@OLD_UNIQUE_CHECKS */;
/*!40111 SET SQL_NOTES=@OLD_SQL_NOTES */;
